"mtry","Avg_OOB_error","D199_OOB_error","D200_OOB_error","D202_OOB_error"
12,0.566337990148227,0.372243479997533,0.693966312160515,0.632804178286632
25,0.54656589513419,0.350824614043673,0.66976793046157,0.619105140897326
42,0.539773736569737,0.346149777831061,0.657365141880951,0.615806289997199
63,0.53715892412231,0.345642188717425,0.651372364031198,0.614462219618307
84,0.536311659975271,0.351281655119318,0.644110624700105,0.613542700106389
95,0.537805007235632,0.351909666936094,0.645376940505385,0.616128414265419
114,0.537863995839426,0.354600325156105,0.647474274758655,0.611517387603519
