"mtry","Avg_OOB_error","D199_OOB_error","D200_OOB_error","D202_OOB_error"
12,0.544291187895562,0.351116065022231,0.675443931090655,0.6063135675738
19,0.53618616604729,0.342578048661685,0.664662703231998,0.601317746248188
25,0.534107624556744,0.338993669488968,0.659502272811834,0.603826931369431
42,0.527250757926038,0.335151334594902,0.652331960578422,0.594268978604791
63,0.526136818531192,0.33715710052012,0.642597793172211,0.598655561901244
84,0.524580914737391,0.33941627421635,0.639167058167852,0.595159411827972
95,0.524570640480858,0.341493278626436,0.63614059192028,0.596078050895857
114,0.519221345636457,0.339448808317787,0.632717909778929,0.585497318812654
