"mtry","nodesize","OOB_error","rsq"
6,1,0.0561603483227933,0.506891105656909
12,1,0.0554860655711272,0.512811560783676
18,1,0.0550530909348412,0.51661324027025
24,1,0.0551118867118807,0.516096991324617
41,1,0.0555944133406795,0.511860226783014
62,1,0.056059308438601,0.507778273686784
82,1,0.05680984557725,0.501188276479583
93,1,0.0569116795495465,0.50029413605871
111,1,0.0575933128088175,0.494309140721881
6,5,0.0562553746833069,0.506056738617429
12,5,0.0554416870103461,0.513201221170281
18,5,0.0551274622445093,0.515960232313987
24,5,0.0551948820885532,0.515368260829725
41,5,0.0555446528111906,0.512297142870806
62,5,0.0559847209696772,0.508433179602279
82,5,0.0569273990725851,0.500156112758346
93,5,0.0570792455231892,0.498822844044681
111,5,0.0575181445852737,0.494969145880475
