"mtry","nodesize","OOB_error","rsq"
5,1,0.0562139563911393,0.506420406736773
11,1,0.05527263622059,0.514685550425956
17,1,0.0549719395271062,0.517325780027172
23,1,0.0549296091638165,0.517697456472606
38,1,0.0553331384160338,0.514154318487559
57,1,0.0558128454801032,0.509942310780408
76,1,0.0564227606553626,0.504587027084756
5,5,0.0567073611241225,0.502088128365804
11,5,0.055195441171872,0.51536335186877
17,5,0.0548592775637449,0.51831499426545
23,5,0.0549557761300511,0.517467700707665
38,5,0.0554095442601184,0.51348344655704
57,5,0.055738542001643,0.510594723153258
76,5,0.056478682621346,0.504096011276644
