"mtry","nodesize","OOB_error","rsq"
12,1,0.128855822979932,0.313814855436508
18,1,0.12779780376924,0.319449036711751
24,1,0.127568473177039,0.320670271747337
41,1,0.127438997261417,0.321359759019418
62,1,0.12714468863624,0.322927016143256
82,1,0.1273881815225,0.32163036382678
93,1,0.127315381908742,0.322018037525458
12,5,0.128803926555501,0.314091215128115
18,5,0.127785720814913,0.319513381058556
24,5,0.127613347113719,0.320431308322819
41,5,0.12703839060563,0.323493076161458
62,5,0.127114485707736,0.323087853274111
82,5,0.126997467055067,0.323711002924949
93,5,0.126945074388254,0.32399000521464
