"mtry","nodesize","OOB_error","rsq"
12,1,0.108007282229983,0.424837847006471
18,1,0.104801119166347,0.441911359203572
25,1,0.102454612153898,0.454407016879881
42,1,0.100145379074323,0.46670418279675
63,1,0.0988521618689663,0.473590844295531
84,1,0.0990584446444742,0.472492343871884
94,1,0.0989644902254797,0.472992671486805
12,5,0.108294492971475,0.42330838764939
18,5,0.104797373899205,0.441931303561656
25,5,0.102483705983988,0.454252085938118
42,5,0.0998496058641526,0.468279239152646
63,5,0.099214678549156,0.471660364517047
84,5,0.0992469558930106,0.471488480675505
94,5,0.0991995530977138,0.471740910819453
