"mtry","nodesize","OOB_error","rsq"
12,1,0.11334362151301,0.119112420926563
18,1,0.11294178124802,0.122235455937056
24,1,0.112716166648775,0.123988894687992
41,1,0.112828978390829,0.123112140786698
62,1,0.112876854197643,0.122740058061632
82,1,0.112742107658166,0.123787285522378
93,1,0.113221614501362,0.120060638917888
12,5,0.113427218952738,0.118462715673495
18,5,0.11279359701565,0.123387118888763
24,5,0.112969225915564,0.122022160592962
41,5,0.112767031401862,0.12359358237479
62,5,0.112847701044729,0.122966631466912
82,5,0.112919583408655,0.122407973814267
93,5,0.112804344123423,0.123303594173196
