"mtry","nodesize","OOB_error","rsq"
12,1,0.11342229037708,0.118501019735267
18,1,0.112622585719162,0.124716189946725
25,1,0.112412210992303,0.126351186970534
41,1,0.112443652073488,0.126106832171217
62,1,0.112958801375688,0.122103178365044
83,1,0.112697434893572,0.124134474741573
93,1,0.112592269322937,0.124951803883541
12,5,0.113044916426899,0.121433906658614
18,5,0.11291759201634,0.12242345058069
25,5,0.112801223739001,0.123327845276552
41,5,0.112719935263248,0.123959605649621
62,5,0.112758468381743,0.123660132728143
83,5,0.112808573583829,0.123270723517681
93,5,0.112874405639013,0.12275908784783
