"mtry","nodesize","OOB_error","rsq"
12,1,0.080223932714178,0.454129068163663
18,1,0.0795270366763117,0.458870985902082
24,1,0.0794756950562959,0.459220331752028
41,1,0.0791788222549101,0.461240355294213
62,1,0.0798916727580548,0.456389877946038
82,1,0.08049746374115,0.452267869995888
93,1,0.0808903368165447,0.449594627928296
12,5,0.0801858158873469,0.454388428021463
18,5,0.0795518753046893,0.458701975424046
24,5,0.0793621211689684,0.459993127121317
41,5,0.07953956377234,0.458785747278758
62,5,0.0794924885882657,0.459106062847038
82,5,0.0805141940148488,0.452154031521696
93,5,0.0807780182963051,0.450358881352821
