"mtry","nodesize","OOB_error","rsq"
12,1,0.0733978582623219,0.291960901938734
24,1,0.0737924991574377,0.288153962743898
41,1,0.0739225485943045,0.286899429053644
62,1,0.0742363964970876,0.283871866788534
82,1,0.0751903201280992,0.274669755946186
93,1,0.0752595696046989,0.274001734588157
111,1,0.0753546488179013,0.273084544332828
12,5,0.0737461915026764,0.288600673736382
24,5,0.0736522971444532,0.289506434180669
41,5,0.0740930270472133,0.285254893192598
62,5,0.0743608789145353,0.282671035856122
82,5,0.0749053076596384,0.277419154578282
93,5,0.0756106163868491,0.270615329958711
111,5,0.0756985817755189,0.269766763857071
