"mtry","nodesize","OOB_error","rsq"
6,1,0.0739050054303938,0.287068660775748
6,5,0.0741432778903814,0.284770143875439
