"mtry","nodesize","OOB_error","rsq"
18,1,0.0736496809633568,0.289531671408944
18,5,0.0736537609520602,0.289492313427798
